t√≠tulo|id
vegeta and trunks always train.|g9WDeud275U 
Trunks is trying some clothes.|g9WDeud275U 
they are having dinner.|g9WDeud275U 
They are having fun on the train.|g9WDeud275U 
Aladdin_imperatives (7)|JcMtWwiyzpU
aladdin|Cgp644Walyk
Alan_Turin(1) (1)|41G7oY_qyw4
Barry_SimPre|1CZ7mBSLH1c
can-_superman (1)|9B6DMShBV6k
can(1)(1)|s19Fr-_WaXo
como_entrenar_a_tu_dragon_1 (1)|cfaJ_1deY8M
Comparative1_-_supercafe corregido|J3vDtZeo1YQ
conditional_0 (1)|zBnKgwnn7i4
experiments|7-BYKKtXCGU
ferdinand_demostratives|4eaITAbJ7YM
Finding_Nemo_indefinite_pronouns|udbUNzL7odo
Friends_Conditional|MEximmbljgY
harry_potter_3brothersstory_|aJSh1zkPEvc
Have_Charlie (1)|GaogCmNpYtw
hearing|VxcbppCX6Rk
imperative_shrek_correctec|mFl8nzZuExE
imperative_trolls_corrected (1)|En7TapBA84M
infinitives_fr_reasons_commented_corrected27marzo|JJxZH_Y5D4s
KaratePhrasalverbs|G6f0w5BRasw
Lion_king__third_person_present_simple(1)|7TavVZMewpY
Oregon_Forest_present_con (1)|MhV9r-PFj74
percy|w6aYjbpBm-E
pets_on.in(1)|LvsKyI3IW5E
present_cont_sponge_bob|3FKMUa7vCZU
shazam(1) (1)|uilJZZ_iVwY
SHERLOCKWh|Ho6t683GazQ
SP_Gru (1)|KldF5IyMQ84
superlative__3_-_planets|libKVRa01L8
superlative_1-_toy_story (1)|w1rKocEL1Eg
superlative_2_-_sherk|H28TWyDJJ6I
the_hottest_place_on_Earth_1|gKYrXHZwtPw
there_is_-_there_are_animal_famiies|sGsTRkIJSDA
to_be_abominable|XrgVtuDRBjM
to_be_ralph(1) (1)|Jh0cBfaT8Kw
tsunami-A1|Wx9vPv-T51I
unless_The_Lorax|91wLY3h-rqk
Up_Could|ynrNTjS7ipk
V1|Z4DDrBjEBHE
V2|mL9hNsNSFTw
Video 1_ demonstratives_answers|KAVHS8d3evM
Video 2_ adverbs of frequency Winnie Pooh|hxFldthKoso
video_goingto_NEMO (1)|fMTHrvskSW8
White_Lion|yyw-9qg97RQ
whquestions_cinderella|20DF6U1HcGQ
why_do_birds_fly_like_this_conditionals|_z1sWpfrKEE
Work_phrasal_verbs|3F-WSUSE2ss
